gpu_name,compute_capability,cuda_version,rust_version,cutile_version,git_commit,config,resolution,sequence,mode,interpolation,position_grid,view_bins,light_bins,frame_count,median_gpu_ms,p95_gpu_ms,min_gpu_ms,mean_gpu_ms,equivalent_fps,latency_frame_count,latency_median_ms,latency_p95_ms,speedup_vs_full,latency_speedup_vs_full,cache_hit_rate,temporal_key_reuse,cache_size_bytes,working_set_estimate_bytes,allocated_vram_bytes,measured_vram_bytes,mse,rmse,psnr_db,worst_frame_psnr_db,max_abs_error,quality_frame_count,cold_compile_ms,jit_compiles,jit_backend_compiles,jit_disk_hits,bake_ms,warm_start_ms,graph_matches_eager,residual_enabled
NVIDIA GeForce RTX 4070 Ti,sm_89,13030,rustc 1.98.1 (48a229cea 2026-09-01),0.3.1,9457d10,default,2560x1440,Static,FULL,none,24x24x24,24,12,500,65.32403564453125,68.20362319946288,60.904640197753906,65.60024729156494,15.308300997225931,100,65.36171340942383,65.84084625244141,1.0,1.0,,,,6401425408,6119356300,6176112640,0.0,0.0,,,0.0,0,8141.3229089999995,22,22,0,3719.772032,21097.050020000002,,false
NVIDIA GeForce RTX 4070 Ti,sm_89,13030,rustc 1.98.1 (48a229cea 2026-09-01),0.3.1,9457d10,default,2560x1440,Static,FULL_GRAPH,none,24x24x24,24,12,500,65.33683013916016,68.25625686645508,62.80089569091797,65.57813747406006,15.30530327030117,100,65.40595245361328,65.97676811218261,0.9998041763795144,0.999323623576603,,,,6401425408,6119356300,6176112640,0.0,0.0,,,0.0,0,8141.3229089999995,22,22,0,3719.772032,21097.050020000002,true,false
NVIDIA GeForce RTX 4070 Ti,sm_89,13030,rustc 1.98.1 (48a229cea 2026-09-01),0.3.1,9457d10,default,2560x1440,Static,CACHE_ONLY,nearest,24x24x24,24,12,500,1.9271680116653442,2.239590287208557,1.8237440586090088,1.9929304947853088,518.8961180067841,100,1.878928005695343,2.313033640384674,33.89638850848406,34.78670455243714,1.0,1.0,382205952,6401425408,6119356300,6176112640,0.0004840014598987721,0.022000033179492527,33.151533283865284,33.151533283865284,0.09082293510437012,500,8141.3229089999995,22,22,0,3719.772032,21097.050020000002,,false
NVIDIA GeForce RTX 4070 Ti,sm_89,13030,rustc 1.98.1 (48a229cea 2026-09-01),0.3.1,9457d10,default,2560x1440,Static,CACHE_INTERP,multilinear,24x24x24,24,12,500,3.338239908218384,3.587327897548675,3.1283199787139893,3.355089406490326,299.55905731583545,100,3.2732319831848145,3.611519992351532,19.56840653774181,19.968555160525984,1.0,1.0,382205952,6401425408,6119356300,6176112640,0.000014995726998205539,0.003872431664756079,48.240324746423326,48.240324746423326,0.028167545795440674,500,8141.3229089999995,22,22,0,3719.772032,21097.050020000002,,false
NVIDIA GeForce RTX 4070 Ti,sm_89,13030,rustc 1.98.1 (48a229cea 2026-09-01),0.3.1,9457d10,default,2560x1440,Static,CACHE_GRAPH,nearest,24x24x24,24,12,500,1.9066879749298096,2.2090238928794856,1.8135039806365967,1.9643863036632538,524.4696631795838,100,1.8512799739837646,2.2619072437286376,34.260474972018436,35.30622830039701,1.0,1.0,382205952,6401425408,6119356300,6176112640,0.0004840014598987721,0.022000033179492527,33.151533283865284,33.151533283865284,0.09082293510437012,500,8141.3229089999995,22,22,0,3719.772032,21097.050020000002,true,false
NVIDIA GeForce RTX 4070 Ti,sm_89,13030,rustc 1.98.1 (48a229cea 2026-09-01),0.3.1,9457d10,default,2560x1440,Camera,FULL,none,24x24x24,24,12,500,65.41155242919922,65.97611503601074,62.81727981567383,65.44491747283935,15.28781939677077,100,65.5039176940918,66.18429145812988,1.0,1.0,,,,6401425408,6119356300,6176112640,0.0,0.0,,,0.0,0,8141.3229089999995,22,22,0,3719.772032,152287.468317,,false
NVIDIA GeForce RTX 4070 Ti,sm_89,13030,rustc 1.98.1 (48a229cea 2026-09-01),0.3.1,9457d10,default,2560x1440,Camera,FULL_GRAPH,none,24x24x24,24,12,500,65.45203399658203,65.9928596496582,62.97087860107422,65.41213063049317,15.278364000914333,100,65.63259506225586,66.2331699371338,0.9993815078781978,0.9980394289142155,,,,6401425408,6119356300,6176112640,0.0,0.0,,,0.0,0,8141.3229089999995,22,22,0,3719.772032,152287.468317,true,false
NVIDIA GeForce RTX 4070 Ti,sm_89,13030,rustc 1.98.1 (48a229cea 2026-09-01),0.3.1,9457d10,default,2560x1440,Camera,CACHE_ONLY,nearest,24x24x24,24,12,500,1.879040002822876,2.2487183570861817,1.8247679471969604,1.9556058814525605,532.18664770186,100,1.914736032485962,2.2545968532562255,34.81115480826999,34.21041677951086,1.0,0.9519038076152304,382205952,6401425408,6119356300,6176112640,0.0006890012411276499,0.0262488331384016,31.617799957782896,27.67874143026271,0.16323232650756836,500,8141.3229089999995,22,22,0,3719.772032,152287.468317,,false
NVIDIA GeForce RTX 4070 Ti,sm_89,13030,rustc 1.98.1 (48a229cea 2026-09-01),0.3.1,9457d10,default,2560x1440,Camera,CACHE_INTERP,multilinear,24x24x24,24,12,500,3.2583680152893066,3.5604879379272463,3.047424077987671,3.299954881191254,306.90210415388304,100,3.2532479763031006,3.5534063577651978,20.07494307649328,20.134929206512133,1.0,0.9519038076152304,382205952,6401425408,6119356300,6176112640,0.000023186794480791798,0.004815266813042845,46.34759287391737,44.101899796898465,0.0379805862903595,500,8141.3229089999995,22,22,0,3719.772032,152287.468317,,false
NVIDIA GeForce RTX 4070 Ti,sm_89,13030,rustc 1.98.1 (48a229cea 2026-09-01),0.3.1,9457d10,default,2560x1440,Camera,CACHE_GRAPH,nearest,24x24x24,24,12,500,1.8718719482421875,2.238515305519104,1.8165760040283203,1.9617607684135436,534.2245771347056,100,1.8979840278625488,2.2353823661804197,34.94445893621357,34.512365084473494,1.0,0.9519038076152304,382205952,6401425408,6119356300,6176112640,0.0006890012411276499,0.0262488331384016,31.617799957782896,27.67874143026271,0.16323232650756836,500,8141.3229089999995,22,22,0,3719.772032,152287.468317,true,false
NVIDIA GeForce RTX 4070 Ti,sm_89,13030,rustc 1.98.1 (48a229cea 2026-09-01),0.3.1,9457d10,default,2560x1440,CameraLight,FULL,none,24x24x24,24,12,500,65.71724700927734,69.87473831176757,63.301631927490234,66.60652492523194,15.216705591133929,100,66.04065322875977,68.0862648010254,1.0,1.0,,,,6401425408,6119356300,6176112640,0.0,0.0,,,0.0,0,8141.3229089999995,22,22,0,3719.772032,283512.996827,,false
NVIDIA GeForce RTX 4070 Ti,sm_89,13030,rustc 1.98.1 (48a229cea 2026-09-01),0.3.1,9457d10,default,2560x1440,CameraLight,FULL_GRAPH,none,24x24x24,24,12,500,65.72441864013672,69.73660087585448,62.7138557434082,66.62732182312011,15.215045194622961,100,66.05564498901367,68.41792907714844,0.9998908833123554,0.9997730434657568,,,,6401425408,6119356300,6176112640,0.0,0.0,,,0.0,0,8141.3229089999995,22,22,0,3719.772032,283512.996827,true,false
NVIDIA GeForce RTX 4070 Ti,sm_89,13030,rustc 1.98.1 (48a229cea 2026-09-01),0.3.1,9457d10,default,2560x1440,CameraLight,CACHE_ONLY,nearest,24x24x24,24,12,500,1.931264042854309,2.495027124881744,1.8216960430145264,2.02015647983551,517.7955876618773,100,1.9490240216255188,2.5111040115356444,34.028100534689514,33.88396063670921,1.0,0.9478957915831663,382205952,6401425408,6119356300,6176112640,0.00026038483042407917,0.01613644416914951,35.84384320622341,30.951823843494925,0.13800865411758423,500,8141.3229089999995,22,22,0,3719.772032,283512.996827,,false
NVIDIA GeForce RTX 4070 Ti,sm_89,13030,rustc 1.98.1 (48a229cea 2026-09-01),0.3.1,9457d10,default,2560x1440,CameraLight,CACHE_INTERP,multilinear,24x24x24,24,12,500,3.298192024230957,3.7175295352935787,3.004415988922119,3.3229217290878297,303.1964156887351,100,3.261952042579651,3.659790337085724,19.92523374214414,20.245746217817725,1.0,0.9478957915831663,382205952,6401425408,6119356300,6176112640,0.000013586705256667402,0.0036860148204622568,48.668858458670755,44.87859206441209,0.04479032754898071,500,8141.3229089999995,22,22,0,3719.772032,283512.996827,,false
NVIDIA GeForce RTX 4070 Ti,sm_89,13030,rustc 1.98.1 (48a229cea 2026-09-01),0.3.1,9457d10,default,2560x1440,CameraLight,CACHE_GRAPH,nearest,24x24x24,24,12,500,1.9148800373077393,2.501017570495605,1.815551996231079,2.0124252166748047,522.2259256543132,100,1.9205119609832764,2.330097639560699,34.31925015087301,34.387004387594565,1.0,0.9478957915831663,382205952,6401425408,6119356300,6176112640,0.00026038483042407917,0.01613644416914951,35.84384320622341,30.951823843494925,0.13800865411758423,500,8141.3229089999995,22,22,0,3719.772032,283512.996827,true,false
